seedIndex	matchSeed	children	openingTicks	openingTickTotal	canonicalInputSha256
0	0	evenshroud,belt	163,138,152	453	b05de145c5d25b80d1e1f6885fa17552658af6a7003348d504c695e14c10c994
1	2654435761	quicksilver,rod	138,146,152	436	7087cbf49127540ab01d396fed1cca24e8a5f68626bfae5a94d366109471b597
2	1013904226	deathblade,cloak	164,138,152	454	d867a054ed19757243bf62e31ada5640e690f0cd289d5e66540342b04e9b5e86
5	387276917	steraks-gage,tear	164,138,172	474	58425d8f7715a465b735c4c72d6b93c77eb3088dd809bf1463ebb30b402f1e28
6	3041712678	blue-buff,sword	164,138,172	474	f73a86604091555c2d30b0172c63f5db16a190860477ac73e7dd81634811cc7e
7	1401181143	ionic-spark,vest	164,138,152	454	109804201652adb1fe1f34fb3b3d976c6d65a916834fd423c509228ab2a15971
12	1788458060	steadfast-heart,gloves	164,146,172	482	2eeee555ef82101b9c55faf679c7e636d34bdf05dbf992ec3a0f09694373c826
27	2950288811	hand-of-justice,bow	163,138,172	473	9232a5f23b88df6d5f4bea6ce74569119201a9ffa7a59c804a17c2a3c0dbcd02
8	4055616904	runaans-hurricane,belt	138,103,146	387	bb743d5949ad03a7b07185c1bff390cbcb2d537c84ceefca24f8a0f39b2dff9a
9	2415085369	titans-resolve,rod	138,138,172	448	bcf618714e604091a8cceec0058f3a073747ec53017164562d69d7edab60ecb8
10	774553834	nashors-tooth,cloak	164,146,172	482	d326bafe96006f0e9fb3f1c83aee41ed713fa9b74395075ab2c6152174e8232a
13	147926525	last-whisper,tear	164,146,172	482	da7a14f6e8d45b46488a55163eacc98b2a3ff0e1e456715a1114595a81a14a37
15	1161830751	guardbreaker,vest	164,138,172	474	c1426cf04b0858fd962e5406de3c0bac52830817f2fafb9fb028908f4ad161e0
17	2175734977	statikk-shiv,rod	164,146,161	471	44915e65909bbf60cdf76c10813dcd1fc8243b864fd3efb64e5dc586fd34332b
18	535203442	shojin,cloak	164,138,172	474	b1e9f619457e66459d54d0bf3f0d10aa9003f66757b0e14d48bbc75d0d1bad39
22	2563011894	adaptive-helm,sword	163,146,147	456	3a157dc63ec82bbc4a692fb34ca93ad87900925ce1f72b0f55462168916c2a70
24	3576916120	bramble-vest,belt	138,146,172	456	d738992a96f41a841800a6a0b8ce4613a53767b86dab0e5f0cf35ce63f873a59
26	295853050	bloodthirster,cloak	164,117,172	453	97b0c39c6dfc67c30fc47c7b8c32d1db720b65381067c51c21038ad93276b6c9
28	1309757276	warmog,gloves	164,138,161	463	fb6b500bad47b04dd98e23767dc8a35a2b24f5a21098ec351df8d805251ba1ef
32	3337565728	infinity-edge,belt	163,146,152	461	ef79f4dce3a77b25b233a978add7c15bbbe365ed2aee894954e63471e9492b85
34	56502658	protectors-vow,cloak	164,117,146	427	beab6208af8ffbe6efb58a4de22f74863510e9cabe4b2e67cefd0e0ca8373456
36	1070406884	jeweled-gauntlet,gloves	164,138,152	454	53c1a176d210a956228ca4214198a7c22125326b8590ce907e2ab9d1f3933a19
37	3724842645	dragons-claw,tear	164,138,152	454	950cd8216c536b92cdbabb089a99cec34c6e79c9a5ffe0bf1cfe5cf89c9cd8db
38	2084311110	morellonomicon,sword	164,146,152	462	c29d147d28bdf0ec0b21a4534d245d73413faa1b9ed8914a8ea94e34bf26a09a
41	1457683801	red-buff,rod	163,138,152	453	d94c73207b87a00004fe47f686b0d13150e0ed97c65259482a135e6f42aa69ae
45	3485492253	giant-slayer,tear	164,146,172	482	1eef42d40984a0287574db5911079ab8f1f96572714793c881048e3111e3e117
46	1844960718	rageblade,sword	163,117,160	440	2bfbc7c58d460d3d03494e82717d101949ff35be3cd735dac453c97c6403307a
62	1366259934	edge-of-night,sword	164,146,172	482	039adb7efdd00d5998646b7cd80485ecaa3d9a6428a117f8c51e4cd432576b5a
63	4020695695	redemption,vest	138,117,152	407	0f318998cb7ea417253fa57fe1d66605c83c71423b1b07ab99f51b99347395a9
76	4168622220	archangel,gloves	164,103,160	427	8f4d9f974cc64e37d4c641e8cfa997e418b834f16039f55c924c3deaadcd06bb
77	2528090685	gunblade,tear	164,138,172	474	76cb09d8d000ada1d436c78ffc8a44de0adeb9240bf97a258d26aa5c3f551d0a
83	1274836067	sunfire-cape,bow	138,138,172	448	f4e2d13f8073a5620e40e970e7219aa13cfb184755443e3385310449d915600f
108	3211220652	gargoyle,gloves	164,146,161	471	2e0c7803ee8d40866b8d0034d9a8877295f6f896dca43526784cf00423dff4a2
123	78084107	crownguard,bow	163,138,152	453	36d88bf0c3888caf21de0ab02e9a7376913a74d34fa937eeee31f12f3631e919
236	3676581676	deathcap,gloves	164,117,147	428	8082141c4f2eecef7364da7f39de2aff11f1fb6e943e63f14dd8292df8ea50ba
